name ,email ,age 
Emily Carroll,zholland@bowers-flores.info,44
Joseph Smith,stacey54@hotmail.com,58
Melinda Stewart,ronaldquinn@sharp.com,25
Danielle Rodriguez,sharonmorales@bruce.com,32
Michele Medina,olivia95@gmail.com,58
Vincent Morris,martha39@martin-robinson.info,31
,jenniferhunt@hotmail.com,20
Kathryn Patrick,megan96@scott.info,46
James Hopkins,gregory99@yahoo.com,38
Natalie Davis,tiffany04@herrera.biz,
Jennifer Nichols,cmarshall@wall.com,48
Nicole Clarke,goodmansharon@bradley.org,52
Diana Robinson,alfred87@smith-gonzalez.net,26
,pearsonchristopher@strong.com,59
Victoria Benton,,55
Joseph Dickerson,davischarles@hotmail.com,30
John Wilson,marthamitchell@gmail.com,
Tyler Harvey,ugraham@garcia.biz,48
Candice Patton,donnaingram@hotmail.com,23
Leslie Long,,26
Jay Lara,oreyes@hotmail.com,33
Timothy Stout,christopherrogers@guzman.biz,27
Vicki Montgomery,,19
Allison Potts,glawrence@smith-santana.com,33
Mary Ross,christopherdean@yahoo.com,40
Victoria Wells,hallnicole@price.com,44
Samantha Robinson,jenniferhunt@hotmail.com,18
Melanie Craig,keithjohnson@brown.com,57
Mark Martin,blittle@spencer.net,53
Andrew Hall,evalenzuela@yahoo.com,57
Jeanne Welch,devinhoffman@hotmail.com,40
John Berry,alexanderbrandon@yahoo.com,33
Colin Lane,paul19@phelps.com,58
Christopher Patterson,tracey35@gmail.com,33
Casey Fowler,vhoward@yahoo.com,57
Troy Hunt,samuel75@gmail.com,57
,greenfrank@bartlett.info,50
Kelsey Marquez,heather81@yahoo.com,45
,amendez@gmail.com,26
Dr. Rose Smith,daniel48@gmail.com,21
Kevin Mann,bpadilla@kim-rodriguez.com,22
Crystal Rodriguez,barrettmargaret@gardner.net,36
Jeremiah Lewis,kristenmurphy@yahoo.com,51
Elizabeth Goodman,zjohnson@stark.com,18
Marcus Evans,wbradley@parks.biz,33
Tony Sanders,madison49@brown.org,25
Craig Anderson,brownmatthew@martin-hunter.org,22
,jenniferrosario@brown.com,42
Brian Wright,david98@johns.biz,23
David Ramos,morganwalker@gmail.com,46
Aaron Russell,ldavis@yahoo.com,24
William Kelly,michellewalls@levine-lee.org,19
Kelli Atkinson,shawndaniel@yahoo.com,52
Melissa Johnson,matthewslinda@hoffman-klein.net,39
Mrs. Laura Mcconnell,katherineallen@barnes.com,50
Amber Williamson,lgutierrez@hotmail.com,28
Jacob Young,xdodson@stone.com,27
Gabrielle Olsen,stanleywoods@yahoo.com,40
Alyssa Jordan,mariahjones@griffin.com,38
Rebecca Lewis,paul19@phelps.com,29
Kevin Potter,steven77@evans.com,53
Stephanie Torres,veronicahunt@gmail.com,33
Christine Barnes,ochoabradley@mitchell-bailey.info,26
Eugene Perez,,58
Douglas Morris,whurst@yahoo.com,42
,uturner@yahoo.com,54
Cathy Castro,qryan@gmail.com,25
Angela Ford,lgarner@hotmail.com,45
Ronald Mitchell,jamesfisher@wilson.info,37
,zholland@bowers-flores.info,51
Matthew Hines,krista44@hopkins-thomas.com,32
Mr. Scott Williams,idixon@montgomery-anderson.com,27
Emily Moyer,timothyfox@murphy-parker.biz,21
Katelyn Williamson,donaldpeters@nguyen-phillips.com,40
Andre Johnson,rnavarro@yahoo.com,55
Alyssa Haynes,kherrera@lopez.com,43
Laura Maldonado,flopez@massey.biz,50
Gary Lawson,bakerstacie@yahoo.com,57
Dylan Williams,melaniesharp@yahoo.com,51
Denise Martin,samuel97@beard-merritt.org,37
John Moore,jeffersonchelsey@edwards-martin.com,42
Vickie Herrera,garyflores@carrillo-mitchell.com,52
Julia Owen,bclark@yahoo.com,24
Whitney Hampton,bestjessica@rivera.biz,36
Jason Berry,ginagiles@lyons.biz,25
Matthew Weaver,carneylori@hotmail.com,45
Jerry Andrews,cherylgarcia@le-mcdowell.com,18
Cynthia Miller,michaeljohnson@wood.org,28
,,27
,dbrown@yahoo.com,49
Felicia Hendrix,kellerlori@gmail.com,19
George Burnett,zachary49@gmail.com,58
Jimmy Rodriguez,kevinbecker@hayes-davenport.com,28
Patricia Adams,ddalton@hotmail.com,44
Edward Hale,christine93@roberts.com,46
Philip Mercado,christopherdean@yahoo.com,27
Jerry Garrett,reidrebecca@lee-chambers.com,55
Andrea Ruiz,dchristensen@howard-wright.com,32
David Garcia,austinfelicia@yahoo.com,40
Craig Myers,gmontoya@hotmail.com,57
Wheatever,pearsonchristopher@strong.com,0
     ,    ,21
   ,geas@gm.com,234lmkdsf
232q3e,sldmfl,asdfdas
